Datetime,Water Level (m)
2025-04-15 06:00:00,0.95944965
2025-04-15 07:00:00,0.6807782
2025-04-15 08:00:00,0.24836297
2025-04-15 09:00:00,-0.19554393
2025-04-15 10:00:00,-0.6009461
2025-04-15 11:00:00,-0.91242373
2025-04-15 12:00:00,-1.0859704
2025-04-15 13:00:00,-0.88107836
2025-04-15 14:00:00,-0.3975102
2025-04-15 15:00:00,0.06309735
2025-04-15 16:00:00,0.5310022
2025-04-15 17:00:00,0.7736724
2025-04-15 18:00:00,0.74218476
2025-04-15 19:00:00,0.43674526
2025-04-15 20:00:00,0.0051729726
2025-04-15 21:00:00,-0.43027812
2025-04-15 22:00:00,-0.8350126
2025-04-15 23:00:00,-1.1471125
2025-04-16 00:00:00,-1.2686353
2025-04-16 01:00:00,-1.0204042
2025-04-16 02:00:00,-0.546793
2025-04-16 03:00:00,-0.07549685
2025-04-16 04:00:00,0.47107112
2025-04-16 05:00:00,0.8339031
2025-04-16 06:00:00,0.97362816
2025-04-16 07:00:00,0.84108543
2025-04-16 08:00:00,0.4457698
2025-04-16 09:00:00,0.0066191843
2025-04-16 10:00:00,-0.4183234
2025-04-16 11:00:00,-0.76451707
2025-04-16 12:00:00,-0.9542906
2025-04-16 13:00:00,-0.89708465
2025-04-16 14:00:00,-0.5532837
2025-04-16 15:00:00,-0.14913303
2025-04-16 16:00:00,0.2993748
2025-04-16 17:00:00,0.59668803
2025-04-16 18:00:00,0.68844146
2025-04-16 19:00:00,0.53672713
2025-04-16 20:00:00,0.17023696
2025-04-16 21:00:00,-0.23209767
2025-04-16 22:00:00,-0.62731105
2025-04-16 23:00:00,-0.9365966
2025-04-17 00:00:00,-1.134926
2025-04-17 01:00:00,-1.0694597
2025-04-17 02:00:00,-0.70595956
2025-04-17 03:00:00,-0.27530858
2025-04-17 04:00:00,0.18420732
2025-04-17 05:00:00,0.61635196
2025-04-17 06:00:00,0.8562902
2025-04-17 07:00:00,0.8649032
2025-04-17 08:00:00,0.6138456
2025-04-17 09:00:00,0.21101613
2025-04-17 10:00:00,-0.17635204
2025-04-17 11:00:00,-0.5104118
2025-04-17 12:00:00,-0.7392521
2025-04-17 13:00:00,-0.7918596
2025-04-17 14:00:00,-0.60152483
2025-04-17 15:00:00,-0.26195022
2025-04-17 16:00:00,0.098413706
2025-04-17 17:00:00,0.41962627
2025-04-17 18:00:00,0.5819045
2025-04-17 19:00:00,0.5435642
2025-04-17 20:00:00,0.28240785
2025-04-17 21:00:00,-0.06548228
2025-04-17 22:00:00,-0.42491007
2025-04-17 23:00:00,-0.7560826
2025-04-18 00:00:00,-0.9646626
2025-04-18 01:00:00,-1.0232588
2025-04-18 02:00:00,-0.8100709
2025-04-18 03:00:00,-0.38382217
2025-04-18 04:00:00,0.016080096
2025-04-18 05:00:00,0.44390547
2025-04-18 06:00:00,0.7122229
2025-04-18 07:00:00,0.8061432
2025-04-18 08:00:00,0.7000947
2025-04-18 09:00:00,0.4108714
2025-04-18 10:00:00,0.07604736
2025-04-18 11:00:00,-0.23404956
2025-04-18 12:00:00,-0.48747098
2025-04-18 13:00:00,-0.6450538
2025-04-18 14:00:00,-0.6450094
2025-04-18 15:00:00,-0.43045732
2025-04-18 16:00:00,-0.13615388
2025-04-18 17:00:00,0.1776364
2025-04-18 18:00:00,0.42349437
2025-04-18 19:00:00,0.45044762
2025-04-18 20:00:00,0.36187452
2025-04-18 21:00:00,0.12312478
2025-04-18 22:00:00,-0.1860805
2025-04-18 23:00:00,-0.4942683
2025-04-19 00:00:00,-0.75717044
2025-04-19 01:00:00,-0.90546143
2025-04-19 02:00:00,-0.88301873
2025-04-19 03:00:00,-0.6070283
2025-04-19 04:00:00,-0.28976882
2025-04-19 05:00:00,0.064905375
2025-04-19 06:00:00,0.4111588
2025-04-19 07:00:00,0.6324585
2025-04-19 08:00:00,0.6724489
2025-04-19 09:00:00,0.5264951
2025-04-19 10:00:00,0.24830365
2025-04-19 11:00:00,-0.03912801
2025-04-19 12:00:00,-0.2972826
2025-04-19 13:00:00,-0.46952045
2025-04-19 14:00:00,-0.53984106
2025-04-19 15:00:00,-0.45767093
2025-04-19 16:00:00,-0.26411963
2025-04-19 17:00:00,-0.023143888
2025-04-19 18:00:00,0.19877216
2025-04-19 19:00:00,0.33173752
2025-04-19 20:00:00,0.34485433
2025-04-19 21:00:00,0.22162291
2025-04-19 22:00:00,0.020819148
2025-04-19 23:00:00,-0.21748766
2025-04-20 00:00:00,-0.44086874
2025-04-20 01:00:00,-0.6164102
2025-04-20 02:00:00,-0.68247384
2025-04-20 03:00:00,-0.62189734
2025-04-20 04:00:00,-0.40442717
2025-04-20 05:00:00,-0.14437276
2025-04-20 06:00:00,0.15203342
2025-04-20 07:00:00,0.39332446
2025-04-20 08:00:00,0.51572603
2025-04-20 09:00:00,0.5323013
2025-04-20 10:00:00,0.44426137
2025-04-20 11:00:00,0.24777769
2025-04-20 12:00:00,0.034090515
2025-04-20 13:00:00,-0.17896251
2025-04-20 14:00:00,-0.34403977
2025-04-20 15:00:00,-0.4229999
2025-04-20 16:00:00,-0.3891442
2025-04-20 17:00:00,-0.22733232
2025-04-20 18:00:00,-0.06792291
2025-04-20 19:00:00,0.09481913
2025-04-20 20:00:00,0.19937658
2025-04-20 21:00:00,0.21992408
2025-04-20 22:00:00,0.15676631
2025-04-20 23:00:00,0.020785555
2025-04-21 00:00:00,-0.13926928
2025-04-21 01:00:00,-0.31658196
2025-04-21 02:00:00,-0.4629417
2025-04-21 03:00:00,-0.55933416
2025-04-21 04:00:00,-0.5536985
2025-04-21 05:00:00,-0.4012314
2025-04-21 06:00:00,-0.18204087
